,Odběratel,ID,IČO,Datum uzavření smlouvy,Cena_bez_dph,Cena_s_dph,Předmět smlouvy,zboží,ID verze,Dodavatel
0,Domovy na Orlici,29682240,42886171,18.12.2024,,"80 000,00 CZK",Nákup 2ks zařízení pro laterální náklon matrace pro potřeby DZR Borohrádek,"[{'název': 'máslo', 'množství': 2, 'cena bez DPH': 25, 'cena s DPH': 30.5}, {'název': 'mléko', 'množství': 1, 'cena bez DPH': 15, 'cena s DPH': 18.3}]",31710348,Sucom production
1,"Domov seniorů POHODA Chválkovice, příspěvková organizace",29359804,75004372,09.12.2024,"400 000,00 CZK",,předmětem rámcové smlouvy jsou dodávky OOPP dle specifikace ve smlouvě,"[{'název': 'Bunda fleece /barevná/', 'množství': 70, 'cena bez DPH': None, 'cena s DPH': None}, {'název': 'Halena pro pomocnice - bavlna tisk', 'množství': 50, 'cena bez DPH': None, 'cena s DPH': None}, {'název': 'halena pro kuchařky', 'množství': 40, 'cena bez DPH': None, 'cena s DPH': None}, {'název': 'Halena sesterská - bavlna plátno /barevná/', 'množství': 240, 'cena bez DPH': None, 'cena s DPH': None}, {'název': 'Kalhoty bílé - bavlna kepr', 'množství': 300, 'cena bez DPH': None, 'cena s DPH': None}, {'název': 'Polokošile bavlna /barevná/', 'množství': 150, 'cena bez DPH': None, 'cena s DPH': None}, {'název': 'Šaty sesterské - bavlna plátno', 'množství': 170, 'cena bez DPH': None, 'cena s DPH': None}, {'název': 'Triko - bavlna /bílé/ do ""V""', 'množství': 40, 'cena bez DPH': None, 'cena s DPH': None}, {'název': 'kalhoty bílé 3/4 - bavlna kepr', 'množství': 80, 'cena bez DPH': None, 'cena s DPH': None}, {'název': 'Plášť lékařský', 'množství': 40, 'cena bez DPH': None, 'cena s DPH': None}]",31371308,Sucom production
2,"Domov seniorů POHODA Chválkovice, příspěvková organizace",29360140,75004372,09.12.2024,"400 000,00 CZK",,předmětem kupní smlouvy jsou dodávky prádla dle specifikace z přílohy smlouvy,"[{'název': 'Anděl flanel', 'množství': 200, 'cena bez DPH': None, 'cena s DPH': None}, {'název': 'deka pro jednolůžko', 'množství': 70, 'cena bez DPH': None, 'cena s DPH': None}, {'název': 'podložka bílá BA, 150x170 cm', 'množství': 600, 'cena bez DPH': None, 'cena s DPH': None}, {'název': 'polštář 70x90 cm, duté vlákno, praní na 100*C', 'množství': 70, 'cena bez DPH': None, 'cena s DPH': None}, {'název': 'přikrývka 135x200cm, duté vlákno, praní na 100*C', 'množství': 70, 'cena bez DPH': None, 'cena s DPH': None}, {'název': 'prostěradlo návlek jersey 185g/m2 oboustr., matrace', 'množství': 250, 'cena bez DPH': None, 'cena s DPH': None}, {'název': 'ručník froté velký', 'množství': 250, 'cena bez DPH': None, 'cena s DPH': None}, {'název': 'povlečení ložní BA tisk', 'množství': 400, 'cena bez DPH': None, 'cena s DPH': None}, {'název': 'utěrka BA', 'množství': 200, 'cena bez DPH': None, 'cena s DPH': None}]",31371676,Sucom production
3,"Sociální služby Libina, příspěvková organizace",29312352,75003988,07.11.2024,,"65 400,00 CZK",Ochranné pracovní oděvy pro zaměstnance.,"[{'název': 'máslo', 'množství': 2, 'cena bez DPH': 25, 'cena s DPH': 30.5}, {'název': 'mléko', 'množství': 1, 'cena bez DPH': 15, 'cena s DPH': 18.3}]",31321812,Sucom production
4,Domov pro seniory Stachy-Kůsov,29315084,477095,09.12.2024,,"70 000,00 CZK","Prádlo - uživatelé (Povlečení, osušky, ručníky, utěrky)","[{'název': 'utěrka káro žlutá kostka', 'množství': 10, 'cena bez DPH': None, 'cena s DPH': 387.2}, {'název': 'utěrka káro oranžová kostka', 'množství': 10, 'cena bez DPH': None, 'cena s DPH': 387.2}, {'název': 'utěrka káro zelená kostka', 'množství': 10, 'cena bez DPH': None, 'cena s DPH': 387.2}]",31324680,Sucom production
5,"Dům seniorů Kdyně, příspěvková organizace",27797416,75007746,05.08.2024,,"70 981,50 CZK","Matrace, polštáře, peřiny, podložky","[{'název': 'Antidekubitní matrace', 'množství': 5, 'cena bez DPH': None, 'cena s DPH': 714.5}, {'název': 'sada polštář + peřina', 'množství': 10, 'cena bez DPH': None, 'cena s DPH': 1340.9}, {'název': 'inkontinenční podložka (pratelná) 110 x 90', 'množství': 100, 'cena bez DPH': None, 'cena s DPH': 290.0}]",29712908,Sucom production
6,"Domov pro osoby se zdravotním postižením Horní Bříza, příspěvková organizace",27015380,22578,29.05.2024,"10 900,00 CZK","13 200,00 CZK",dílčí objednávka k Rámcové smlouvě 2022-51 - dodávka pracovních oděvů,"[{'název': 'máslo', 'množství': 2, 'cena bez DPH': 25, 'cena s DPH': 30.5}, {'název': 'mléko', 'množství': 1, 'cena bez DPH': 15, 'cena s DPH': 18.3}]",28895196,Sucom production
7,"Domov pro osoby se zdravotním postižením Horní Bříza, příspěvková organizace",26772055,22578,10.05.2024,,"3 300,00 CZK",dílčí objednávka k Rámcové smlouvě 2022-51 - dodávka pracovních oděvů,"[{'název': 'máslo', 'množství': 1, 'cena bez DPH': 25, 'cena s DPH': 30.25}, {'název': 'mléko', 'množství': 2, 'cena bez DPH': 15, 'cena s DPH': 18.3}]",28641731,Sucom production
8,"Domov pro osoby se zdravotním postižením Horní Bříza, příspěvková organizace",26383007,22578,03.04.2024,"151 000,00 CZK","181 600,00 CZK",Dílčí objednávka k Rámcové smlouve2022-51 - dodávka pracovních oděvů,"[{'název': 'máslo', 'množství': 2, 'cena bez DPH': 25, 'cena s DPH': 30.5}, {'název': 'mléko', 'množství': 1, 'cena bez DPH': 15, 'cena s DPH': 18.3}]",28235795,Sucom production
9,"Střední zdravotnická škola a Vyšší odborná škola zdravotnická, Plzeň, Karlovarská 99",26364315,669695,02.04.2024,,"57 780,00 CZK",Oděvy pro studenty do 3. ročníků,"[{'název': 'Halena 2145 směs', 'množství': None, 'cena bez DPH': None, 'cena s DPH': None}, {'název': 'Kalhoty universal směs', 'množství': None, 'cena bez DPH': None, 'cena s DPH': None}]",28216199,Sucom production
10,"Střední zdravotnická škola a Vyšší odborná škola zdravotnická, Plzeň, Karlovarská 99",26233175,669695,20.03.2024,,"56 492,00 CZK",Oděvy pro studenty do 3. ročníku,"[{'název': 'Halena 2145 směs', 'množství': None, 'cena bez DPH': None, 'cena s DPH': None}, {'název': 'Kalhoty universal směs', 'množství': None, 'cena bez DPH': None, 'cena s DPH': None}]",28079231,Sucom production
11,"Domov seniorů Hranice, příspěvková organizace",26096443,70876541,29.02.2024,,,Kupní smlouva - oděvy,"[{'název': 'Fleecová mikina', 'množství': None, 'cena bez DPH': None, 'cena s DPH': '287,00 Kč'}, {'název': 'Fleecová vesta', 'množství': None, 'cena bez DPH': None, 'cena s DPH': '228,00 Kč'}, {'název': 'Kalhoty bílé dámské', 'množství': 6, 'cena bez DPH': None, 'cena s DPH': '285,00 Kč'}, {'název': 'Kalhoty % dámské bílé', 'množství': 6, 'cena bez DPH': None, 'cena s DPH': '285,00 Kč'}, {'název': 'Halena pro zdravotníky a pracovnice úklidu', 'množství': 6, 'cena bez DPH': None, 'cena s DPH': '285,00 Kč'}, {'název': 'Šaty pro zdravotníky', 'množství': 6, 'cena bez DPH': None, 'cena s DPH': '335,00 Kč'}, {'název': 'Sukně bílá pro zdravotníky', 'množství': None, 'cena bez DPH': None, 'cena s DPH': '325,00 Kč'}, {'název': 'Tričko bílé', 'množství': 6, 'cena bez DPH': None, 'cena s DPH': '89,00 Kč'}, {'název': 'Tričko barevné', 'množství': 6, 'cena bez DPH': None, 'cena s DPH': '208,00 Kč'}]",27935267,Sucom production
12,"Domov pro osoby se zdravotním postižením Horní Bříza, příspěvková organizace",25292983,22578,20.12.2023,"51 210,00 CZK","62 000,00 CZK",dodávka pracovních oděvů,"[{'název': 'máslo', 'množství': 2, 'cena bez DPH': 25, 'cena s DPH': 30.5}, {'název': 'mléko', 'množství': 1, 'cena bez DPH': 15, 'cena s DPH': 18.3}]",27086919,Sucom production
13,"Střední zdravotnická škola a Vyšší odborná škola zdravotnická, Plzeň, Karlovarská 99",25162943,669695,15.12.2023,,"189 904,00 CZK",Oděvy pro žáky a studenty,"[{'název': 'Halena 2145, směs, bílá', 'množství': None, 'cena bez DPH': None, 'cena s DPH': None}, {'název': 'Kalhoty universal, směs, bílá', 'množství': None, 'cena bez DPH': None, 'cena s DPH': None}, {'název': 'Halena 2280, plátno, bílá, barva doplňků fialová', 'množství': None, 'cena bez DPH': None, 'cena s DPH': None}, {'název': 'Halena pánská 1025, plátno, bílá, barva doplňků šedá', 'množství': None, 'cena bez DPH': None, 'cena s DPH': None}]",26947359,Sucom production
14,"Domovy sociálních služeb Litvínov, příspěvková organizace",25126259,49872541,13.12.2023,"500 000,00 CZK","605 000,00 CZK",Kupní smlouva - dodávka pracovních oděvů a ochranných pomůcek,"[{'název': 'Montérky 100% bavlna', 'množství': None, 'cena bez DPH': '215,00 Kč', 'cena s DPH': '248,05 Kč'}, {'název': 'Pracovní bunda zimní, vnější vrstva 100% nylon, vnitřní 100% PES, výplň 100% PES - PÁNSKÁ', 'množství': None, 'cena bez DPH': '745,00 Kč', 'cena s DPH': '575,96 Kč'}, {'název': 'Kuchařská čepice síťovaná', 'množství': None, 'cena bez DPH': '0,85 Kč', 'cena s DPH': '163,35 Kč'}]",26905419,Sucom production
15,"Domov seniorů POHODA Chválkovice, příspěvková organizace",25109099,75004372,13.12.2023,"350 000,00 CZK","423 500,00 CZK",rámcová kupní smlouva na dodávky OOPP v roce 2024,"[{'název': 'Bunda fleece /barevná/', 'množství': None, 'cena bez DPH': 453.75, 'cena s DPH': 27225}, {'název': 'Halena pro pomocnice - bavlna tisk', 'množství': 40, 'cena bez DPH': 356.95, 'cena s DPH': 14278}, {'název': 'halena pro kuchařky', 'množství': 40, 'cena bez DPH': 356.95, 'cena s DPH': 14278}, {'název': 'Halena sesterská - bavlna plátno', 'množství': 240, 'cena bez DPH': 356.95, 'cena s DPH': 85668}, {'název': 'Kalhoty bílé - bavlna kepr', 'množství': 320, 'cena bez DPH': 356.95, 'cena s DPH': 114224}, {'název': 'Polokošile bavlna /barevná/', 'množství': 150, 'cena bez DPH': 284.35, 'cena s DPH': 42652.5}, {'název': 'Šaty sesterské - bavlna plátno', 'množství': 170, 'cena bez DPH': 405.35, 'cena s DPH': 68909.5}, {'název': 'Triko - bavlna /bílé/ do ""V""', 'množství': 40, 'cena bez DPH': 139.15, 'cena s DPH': 5566}, {'název': 'kalhoty bílé 3/4 - bavlna kepr', 'množství': 80, 'cena bez DPH': 356.95, 'cena s DPH': 28556}, {'název': 'Plášť lékařský', 'množství': 40, 'cena bez DPH': 405.35, 'cena s DPH': 16214}]",26885015,Sucom production
16,"Domov seniorů POHODA Chválkovice, příspěvková organizace",25109199,75004372,13.12.2023,"400 000,00 CZK","484 000,00 CZK",rámcová kupní smlouva na dodávly prádla v roce 2024,"[{'název': 'Anděl flanel BA 145g/m2', 'množství': 200, 'cena bez DPH': None, 'cena s DPH': None}, {'název': 'deka pro jednolůžko', 'množství': 70, 'cena bez DPH': None, 'cena s DPH': None}, {'název': 'podložka bílá BA, 150x170 cm', 'množství': 600, 'cena bez DPH': None, 'cena s DPH': None}, {'název': 'polštář 70x90 cm, duté vlákno, praní na 100*C', 'množství': None, 'cena bez DPH': None, 'cena s DPH': None}, {'název': 'přikrývka 135x200cm, duté vlákno, praní na 100*C', 'množství': None, 'cena bez DPH': None, 'cena s DPH': None}, {'název': 'prostěradlo návlek jersey 185g/m2 oboustr., matrace 24', 'množství': None, 'cena bez DPH': None, 'cena s DPH': None}, {'název': 'ručník froté velký', 'množství': 250, 'cena bez DPH': None, 'cena s DPH': None}, {'název': 'povlečení ložní BA tisk', 'množství': 400, 'cena bez DPH': None, 'cena s DPH': None}, {'název': 'utěrka BA', 'množství': 200, 'cena bez DPH': None, 'cena s DPH': None}]",26885127,Sucom production
17,Městské středisko sociálních služeb OÁZA Nové Město nad Metují,24684487,62730631,30.10.2023,"94 516,00 CZK","114 365,00 CZK",Kupní smlouva - OdoCare koše,"[{'název': 'máslo', 'množství': 2, 'cena bez DPH': 25, 'cena s DPH': 30.5}]",26551295,Sucom production
18,Městské středisko sociálních služeb OÁZA Nové Město nad Metují,24681039,62730631,10.10.2023,"193 854,00 CZK",,"Kupní smlouva - matrace,absorpční podložky,thermo boxy","[{'název': 'máslo', 'množství': 2, 'cena bez DPH': 25, 'cena s DPH': 30.5}]",26419331,Sucom production
19,Městské středisko sociálních služeb OÁZA Nové Město nad Metují,24285187,62730631,25.09.2023,,"206 578,00 CZK",Objednávka zdravotnických pomůcek,"[{'název': 'máslo', 'množství': 2, 'cena bez DPH': 25, 'cena s DPH': 30.5}]",26003699,Sucom production
20,"Sociální služby Libina, příspěvková organizace",24153183,75003988,30.08.2023,,"84 000,00 CZK",Ochranné pracovní oděvy pro zaměstnance,"[{'název': 'máslo', 'množství': 2, 'cena bez DPH': 25, 'cena s dph': 30.5}, {'název': 'mléko', 'množství': 1, 'cena bez DPH': 15, 'cena s dph': 18.3}]",25865479,Sucom production
21,"Střední zdravotnická škola a Vyšší odborná škola zdravotnická, Plzeň, Karlovarská 99",24111243,669695,15.09.2023,,"92 886,00 CZK",Oděvy pro žáky a studenty školy,"[{'název': 'Halena vel. S', 'množství': 50, 'cena bez DPH': None, 'cena s DPH': None}, {'název': 'Halena vel. M', 'množství': 50, 'cena bez DPH': None, 'cena s DPH': None}, {'název': 'Kalhoty vel. 38', 'množství': 40, 'cena bez DPH': None, 'cena s DPH': None}, {'název': 'Kalhoty vel. 44', 'množství': 30, 'cena bez DPH': None, 'cena s DPH': None}, {'název': 'Kalhoty vel. 50', 'množství': 10, 'cena bez DPH': None, 'cena s DPH': None}, {'název': 'Kalhoty vel. 52', 'množství': 10, 'cena bez DPH': None, 'cena s DPH': None}, {'název': 'Kalhoty vel. 58', 'množství': 10, 'cena bez DPH': None, 'cena s DPH': None}]",25822103,Sucom production
22,"Domov pro osoby se zdravotním postižením Horní Bříza, příspěvková organizace",24108767,22578,12.09.2023,"24 000,00 CZK","27 000,00 CZK",Dodávka pracovních oděvů - dílčí objednávka k rámcové smlouvě,"[{'název': 'máslo', 'množství': 1, 'cena bez DPH': 25, 'cena s DPH': 30.25}, {'název': 'mléko', 'množství': 2, 'cena bez DPH': 15, 'cena s DPH': 18.3}]",25819555,Sucom production
23,Západočeská univerzita v Plzni,24095091,49777513,18.09.2023,"51 556,00 CZK","62 382,76 CZK",Pracovní oděvy šité,"[{'název': 'zástěra krátká nad kolena proužek', 'množství': 11, 'cena bez DPH': 185.0, 'cena s DPH': 840.0}, {'název': 'kuchařská lodička modrá - kepr (+výšivka bílá)', 'množství': 15, 'cena bez DPH': 89.0, 'cena s DPH': 1335.0}, {'název': 'šaty pod kolena', 'množství': 16, 'cena bez DPH': 24355.0, 'cena s DPH': 8520.0}, {'název': 'výšivka znak ZČU', 'množství': 64, 'cena bez DPH': 29.0, 'cena s DPH': 1856.0}]",25805363,Sucom production
24,Domov Dolní zámek,24028019,71194011,30.08.2023,,,"Dodávky zdravotnických a ošetřovatelských oděvů, osobních ochranných pomůcek, a zdravotní a pracovní obuvi","[{'název': None, 'množství': None, 'cena bez DPH': None, 'cena s DPH': None}]",25734419,Sucom production
25,"Domov pro seniory Hvízdal České Budějovice, příspěvková organizace",23981947,666238,06.09.2023,,"73 689,00 CZK",Vypořádání závazků 2022,"[{'název': 'pracovní oděvy', 'množství': None, 'cena bez DPH': None, 'cena s dph': None}, {'název': 'pracovní kalhoty', 'množství': None, 'cena bez DPH': None, 'cena s dph': None}, {'název': 'pánské pracovní kalhoty', 'množství': None, 'cena bez DPH': None, 'cena s dph': None}]",25686531,Sucom production
26,"Domov pro seniory Hvízdal České Budějovice, příspěvková organizace",23981951,666238,06.09.2023,,"76 385,00 CZK",Vypořádání závazků 2023,"[{'název': 'pracovní oděvy', 'množství': 4, 'cena bez DPH': None, 'cena s DPH': None}]",25686535,Sucom production
27,"Domov pro seniory Hvízdal České Budějovice, příspěvková organizace",23981943,666238,06.09.2023,,"246 419,00 CZK",Vypořádání závazků 2021,"[{'název': 'ochr.oděvy-vrchní sestra', 'množství': None, 'cena bez DPH': 1495.0, 'cena s DPH': None}, {'název': 'pracovní oděvy', 'množství': None, 'cena bez DPH': 93499.0, 'cena s DPH': None}, {'název': 'pracovní kalhoty', 'množství': None, 'cena bez DPH': 7236.0, 'cena s DPH': None}, {'název': 'tetra osušky', 'množství': None, 'cena bez DPH': 10776.0, 'cena s DPH': None}, {'název': 'trička tyrkys', 'množství': None, 'cena bez DPH': 22700.0, 'cena s DPH': None}, {'název': 'jednoráz prostředky kalhoty', 'množství': None, 'cena bez DPH': 16190.0, 'cena s DPH': None}, {'název': 'jednoráz.návleky pracovní oděvy', 'množství': None, 'cena bez DPH': 42813.0, 'cena s DPH': None}, {'název': 'pracovní halena', 'množství': None, 'cena bez DPH': 2427.0, 'cena s DPH': None}]",25686527,Sucom production
28,Městská nemocnice následné péče,23832859,45245843,24.08.2023,"98 850,00 CZK","119 608,50 CZK",Objednávka na nákup ložního prádla,"[{'název': 'Podložka pod pacienta bílá 150x170', 'množství': 435, 'cena bez DPH': None, 'cena s DPH': None}, {'název': 'Prostěradlo Jersey 29 středně modrá', 'množství': 112, 'cena bez DPH': None, 'cena s DPH': None}, {'název': 'Prostěradlo Jersey 35 hrášková', 'množství': 168, 'cena bez DPH': None, 'cena s DPH': None}]",25529875,Sucom production
29,"Domov pro osoby se zdravotním postižením Horní Bříza, příspěvková organizace",22937327,22578,29.05.2023,"71 000,00 CZK","86 000,00 CZK",Dodávka pracovních oděvů - dílčí objednávka k rámcové smlouvě,"[{'název': 'máslo', 'množství': 2, 'cena bez DPH': 25, 'cena s DPH': 30.5}]",24586619,Sucom production
30,"Střední zdravotnická škola a Vyšší odborná škola zdravotnická, Plzeň, Karlovarská 99",22582325,669695,20.04.2023,,"58 880,00 CZK",Uniformy pro studenty 2. ročníků,"[{'název': 'uniformy pro studenty 2. ročníku', 'množství': None, 'cena bez DPH': None, 'cena s dph': None}]",24213217,Sucom production
31,"Střední zdravotnická škola a Vyšší odborná škola zdravotnická, Plzeň, Karlovarská 99",22581869,669695,24.04.2023,,"54 280,00 CZK",Uniformy pro 2. ročníky,"[{'název': 'uniformy pro studenty 2. ročníku', 'množství': None, 'cena bez DPH': None, 'cena s dph': None}]",24212717,Sucom production
32,"Střední zdravotnická škola a Vyšší odborná škola zdravotnická, Plzeň, Karlovarská 99",22581773,669695,20.04.2023,,"54 280,00 CZK",Uniformy pro 2. ročníky,"[{'název': 'uniformy pro studenty 2. ročníku', 'množství': None, 'cena bez DPH': None, 'cena s DPH': None}]",24212621,Sucom production
33,"Střední zdravotnická škola a Vyšší odborná škola zdravotnická, Kolín, Karoliny Světlé 135",22372765,68713,22.03.2023,"58 474,00 CZK","70 753,54 CZK",Objednávka - zdravotnické oděvy,"[{'název': 'Tričko dámské DREAM - barva 44 tyrkysová', 'množství': 40, 'cena bez DPH': None, 'cena s DPH': None}, {'název': 'Kalhoty dámské UNI 2005 směs - barva bílá', 'množství': 2, 'cena bez DPH': None, 'cena s DPH': None}, {'název': 'Kalhoty pánské 1005 směs', 'množství': 10, 'cena bez DPH': None, 'cena s DPH': None}, {'název': 'Tričko pánské RESIST', 'množství': 5, 'cena bez DPH': None, 'cena s DPH': None}]",23993597,Sucom production
34,"Domov pro osoby se zdravotním postižením Horní Bříza, příspěvková organizace",22059541,22578,02.03.2023,"42 000,00 CZK",,Dodávka pracovních oděvů - dílčí objednávka k rámcové smlouvě,"[{'název': 'máslo', 'množství': 2, 'cena bez DPH': 25, 'cena s DPH': 30.5}, {'název': 'mléko', 'množství': 1, 'cena bez DPH': 15, 'cena s DPH': 18.3}]",23664521,Sucom production
35,"Domov seniorů Hranice, příspěvková organizace",22048969,70876541,01.03.2023,,,Kupní smlouva - oděvy,"[{'název': 'Fleecová mikina', 'množství': None, 'cena bez DPH': None, 'cena s DPH': '287,00 Kč'}, {'název': 'Fleecová vesta', 'množství': None, 'cena bez DPH': None, 'cena s DPH': '228,00 Kč'}, {'název': 'Kalhoty bílé dámské', 'množství': 6, 'cena bez DPH': None, 'cena s DPH': '260,00 Kč'}, {'název': 'Kalhoty % dámské bílé', 'množství': 6, 'cena bez DPH': None, 'cena s DPH': '260,00 Kč'}, {'název': 'Halena pro zdravotníky a pracovnice úklidu', 'množství': 6, 'cena bez DPH': None, 'cena s DPH': '260,00 Kč'}, {'název': 'Šaty pro zdravotníky', 'množství': 6, 'cena bez DPH': None, 'cena s DPH': '302,00 Kč'}, {'název': 'Sukně bílá pro zdravotníky', 'množství': None, 'cena bez DPH': None, 'cena s DPH': '302,00 Kč'}, {'název': 'Tričko bílé', 'množství': 6, 'cena bez DPH': None, 'cena s DPH': '87,00 Kč'}, {'název': 'Tričko barevné', 'množství': 6, 'cena bez DPH': None, 'cena s DPH': '208,00 Kč'}]",23653141,Sucom production
36,Sociální služby města Hořice,21504369,70889961,30.12.2022,,"112 719,00 CZK",Objednávka - dodání pracovních oděvů specifikovaných v příloze,"[{'název': 'máslo', 'množství': 2, 'cena bez DPH': 25, 'cena s dph': 30.5}, {'název': 'mléko', 'množství': 1, 'cena bez DPH': 15, 'cena s dph': 18.3}]",23357941,Sucom production
37,"Domov pro seniory Hvízdal České Budějovice, příspěvková organizace",21662549,666238,26.01.2023,,"200 000,00 CZK",Roční objednávka - pracovní oděvy,"[{'název': 'máslo', 'množství': 2, 'cena bez DPH': 25, 'cena s DPH': 30.5}, {'název': 'mléko', 'množství': 1, 'cena bez DPH': 15, 'cena s DPH': 18.3}]",23245281,Sucom production
38,"Domov seniorů POHODA Chválkovice, příspěvková organizace",21271805,75004372,20.12.2022,"545 300,00 CZK","659 813,00 CZK",dodávky prádla dle specifikace objednatele,"[{'název': 'Anděl flanel BA 165g/m2', 'množství': 20, 'cena bez DPH': None, 'cena s DPH': None}, {'název': 'anděl plátno tisk BA 145g/m2', 'množství': 250, 'cena bez DPH': None, 'cena s DPH': None}, {'název': 'deka pro jednolůžko', 'množství': 70, 'cena bez DPH': None, 'cena s DPH': None}, {'název': 'podložka bílá BA, 150x170 cm', 'množství': 900, 'cena bez DPH': None, 'cena s DPH': None}, {'název': 'polštář 70x90 cm, duté vlákno, praní na 100?C', 'množství': 70, 'cena bez DPH': None, 'cena s DPH': None}, {'název': 'přikrývka 135x200cm, duté vlákno, praní na 100*C', 'množství': 70, 'cena bez DPH': None, 'cena s DPH': None}, {'název': 'prostěradlo návlek jersey 185Sg/m2 oboustr., matrace', 'množství': 250, 'cena bez DPH': None, 'cena s DPH': None}, {'název': 'ručník froté velký', 'množství': 250, 'cena bez DPH': None, 'cena s DPH': None}, {'název': 'povlečení ložní BA tisk', 'množství': 400, 'cena bez DPH': None, 'cena s DPH': None}, {'název': 'utěrka BA', 'množství': 300, 'cena bez DPH': None, 'cena s DPH': None}]",22826585,Sucom production
39,"Domov seniorů POHODA Chválkovice, příspěvková organizace",21271849,75004372,20.12.2022,"341 933,00 CZK","413 739,00 CZK",dodávky pracovních oděvů dle specifikace objednavatele,"[{'název': 'Bunda fleece /barevná/', 'množství': 60, 'cena bez DPH': None, 'cena s DPH': None}, {'název': 'Halena pro pomocnice - bavlna tisk', 'množství': 60, 'cena bez DPH': None, 'cena s DPH': None}, {'název': 'halena pro kuchařky', 'množství': 50, 'cena bez DPH': None, 'cena s DPH': None}, {'název': 'Halena sesterská - bavlna plátno /barevná/', 'množství': 240, 'cena bez DPH': None, 'cena s DPH': None}, {'název': 'Kalhoty bílé - bavlna kepr', 'množství': 320, 'cena bez DPH': None, 'cena s DPH': None}, {'název': 'kalhoty bílé prodloužené', 'množství': 20, 'cena bez DPH': None, 'cena s DPH': None}, {'název': 'Polokošile bavlna /barevná/', 'množství': 200, 'cena bez DPH': None, 'cena s DPH': None}, {'název': 'Šaty sesterské - bavlna plátno', 'množství': 130, 'cena bez DPH': None, 'cena s DPH': None}, {'název': 'Triko - bavlna /bílé/ do ""V""', 'množství': 40, 'cena bez DPH': None, 'cena s DPH': None}, {'název': 'kalhoty bílé 3/4 - bavlna kepr', 'množství': 60, 'cena bez DPH': None, 'cena s DPH': None}, {'název': 'Plášť lékařský', 'množství': 40, 'cena bez DPH': None, 'cena s DPH': None}]",22826629,Sucom production
40,"Domov pro osoby se zdravotním postižením Horní Bříza, příspěvková organizace",21256373,22578,15.12.2022,"280 000,00 CZK",,Dodávka pracovních oděvů,"[{'název': 'máslo', 'množství': 2, 'cena bez DPH': 25, 'cena s DPH': 30.5}, {'název': 'mléko', 'množství': 1, 'cena bez DPH': 15, 'cena s DPH': 18.3}]",22810185,Sucom production
41,Městské středisko sociálních služeb OÁZA Nové Město nad Metují,21229121,62730631,12.12.2022,,"82 193,00 CZK",Sprchovací hydraulické lůžko,"[{'název': 'máslo', 'množství': 2, 'cena bez DPH': 25, 'cena s DPH': 30.5}, {'název': 'mléko', 'množství': 1, 'cena bez DPH': 15, 'cena s DPH': 18.3}]",22781125,Sucom production
42,"Domov pro osoby se zdravotním postižením Horní Bříza, příspěvková organizace",21003049,22578,25.11.2022,,,Rámcová smlouva da dodávku pracovních oděvů,"[{'název': 'materiál v dohodnutém vzoru (barevné puntíky)', 'množství': 500, 'cena bez DPH': None, 'cena s DPH': None}]",22543797,Sucom production
43,Fakultní nemocnice Plzeň,20854373,669806,08.11.2022,"1 156 600,00 CZK","1 399 486,00 CZK",Kupní smlouva: Kupní smlouva na dodávky ochranné a zdravotnické obuvi na základě výsledků VZMR,"[{'název': 'Korková ochranná a zdravotnická obuv - svršek z přírodní hovězí usně', 'množství': 960, 'cena bez DPH': '345,00 Kč', 'cena s DPH': '417,45 Kč'}, {'název': 'Korková ochranná a zdravotnická obuv - svršek z poromerické usně', 'množství': None, 'cena bez DPH': None, 'cena s DPH': None}, {'název': 'PUR ochranná a zdravotnická obuv - dámská', 'množství': 140, 'cena bez DPH': '395,00 Kč', 'cena s DPH': '477,95 Kč'}, {'název': 'PUR ochranná a zdravotnická obuv - pánská', 'množství': 70, 'cena bez DPH': '395,00 Kč', 'cena s DPH': '477,95 Kč'}]",22388133,Sucom production
44,Západočeská univerzita v Plzni,20424561,49777513,07.10.2022,"57 570,00 CZK","69 659,70 CZK",Pracovní oděvy,"[{'název': 'Pracovní oděvy šité, výšivka - viz příloha. Včetně dopravy.', 'množství': 3, 'cena bez DPH': None, 'cena s dph': None}]",21936417,Sucom production
45,"Nemocnice následné péče Svatá Anna, s.r.o.",20308341,26360896,17.08.2022,,,641 - SUCOM_objednávka lůžkovin,"[{'název': 'Dopravné', 'množství': None, 'cena bez DPH': 500.0, 'cena s DPH': 605.0}, {'název': 'Zaokrouhlení', 'množství': 1, 'cena bez DPH': 0.41, 'cena s DPH': 0.5}]",21815189,Sucom production
46,"Domov Unhošť, poskytovatel sociálních služeb",19871367,71234411,15.08.2022,"81 930,00 CZK","99 135,30 CZK",Objednávka na dodávku ložního povlečení,"[{'název': 'máslo', 'množství': 2, 'cena bez DPH': 25, 'cena s DPH': 30.5}, {'název': 'mléko', 'množství': 1, 'cena bez DPH': 15, 'cena s DPH': 18.3}]",21353731,Sucom production
47,"Domovy sociálních služeb Kadaň a Mašťov, příspěvková organizace",13851006,46789910,14.12.2020,,"605 000,00 CZK","Rámcová kupní smlouva "" Dodávky zdravotnických a ošetřovatelských oděvů, osobních ochranných pomůcek a zdravotní a pracovní obuvi",[],20514723,Sucom production
48,"Domov seniorů Hranice, příspěvková organizace",18718123,70876541,05.04.2022,,,Kupní smlouva - oděvy,"[{'název': 'ochranné oděvy pro zaměstnance', 'množství': None, 'cena bez DPH': None, 'cena s DPH': None}]",20117771,Sucom production
49,"Domov pro seniory Severní Terasa, příspěvková organizace",18673639,44555326,06.04.2022,"53 648,00 CZK","64 914,08 CZK",Pracovní obuv,"[{'název': 'Pracovní holínky nízké z PVC, bílé, s protikluzovou podrážkou, svršek odolný vodě', 'množství': None, 'cena bez DPH': None, 'cena s DPH': None}, {'název': 'Lehká pracovní obuv dámská sandál BEANY WHITE vhodná k dezinfekci, ultralehký materiál s tvarovanou pamětí, materiál odolný vůči bakteriím a zápachu, podrážka protiskluz, norma SRA, sandál s páskem zpevňující patu, ČSN EN 20347', 'množství': None, 'cena bez DPH': None, 'cena s DPH': None}, {'název': 'Pracovní obuv sandál plná špice pánská korková, bílá, anatomicky tvarovaná stelka, vrch je zhotoven z přírodní usně, s páskem zpevňující patu, bez klínku, protiskluzová podrážka', 'množství': 1, 'cena bez DPH': 445.0, 'cena s DPH': 445.0}, {'název': 'Pracovní obuv dámská, sandál PUR, s páskem zpevňující patu, anatomicky tvarovaná polyuretanová stélka s podprstovou řasou a podporou klenby, potažená usní, vrch je z přírodní usně, litá podrážka polyuretanová, protiskluzová, norma SRA, dvě přezky přes nárt, barva bílá, norma ČSN EN ISO 20347', 'množství': 40, 'cena bez DPH': 3485.0, 'cena s DPH': 1455.0}, {'název': 'Pracovní obuv pánská, Srotiskluzová podešev PU pásky na suchý zip', 'množství': 14, 'cena bez DPH': 2735.0, 'cena s DPH': 1470.0}, {'název': 'Pracovní obuv pánská, sandál, černý, perforovaný, ocelová špička, reflexní doplňky, celokožená, protiskluzová podešev PU', 'množství': 4, 'cena bez DPH': 1625.0, 'cena s DPH': 625.0}, {'název': 'Pracovní obuv pánská kotníková (zimní), černá, bezpečnostní, ocelová špička, prodyšný svršek, reflexní doplňky, celokožená, protiskluzová podešev PU', 'množství': 45, 'cena bez DPH': 1645.0, 'cena s DPH': 645.0}, {'název': 'Pracovní obuv dámský sandál kožený bílý s plnou špicí, perforovaný s přezkou, páskem kolem paty, podrážka PUR, protiskluzová podrážka', 'množství': 38, 'cena bez DPH': 1665.0, 'cena s DPH': 665.0}]",20071083,Sucom production
50,"Střední zdravotnická škola a Vyšší odborná škola zdravotnická, Plzeň, Karlovarská 99",18516871,669695,04.04.2022,,,Uniformy pro studenty,"[{'název': 'uniformy pro studenty 2. ročníku', 'množství': None, 'cena bez DPH': None, 'cena s dph': None}]",19907227,Sucom production
51,"Střední zdravotnická škola a Vyšší odborná škola zdravotnická, Plzeň, Karlovarská 99",18448975,669695,23.03.2022,,,Uniformy pro studenty,"[{'název': 'uniformy pro studenty 2. ročníku', 'množství': None, 'cena bez DPH': None, 'cena s DPH': None}]",19835491,Sucom production
52,"Střední zdravotnická škola a Vyšší odborná škola zdravotnická, Kolín, Karoliny Světlé 135",18059095,68713,10.02.2022,"69 906,00 CZK","84 587,00 CZK",Objednávka - zdravotnické oděvy,"[{'název': 'Šaty 2920 směs - barva bílá - barva doplňků bílá - vel. S', 'množství': 6, 'cena bez DPH': None, 'cena s dph': None}, {'název': 'Šaty 2920 směs - barva bílá - barva doplňků bílá - vel. M - prodloužená', 'množství': 8, 'cena bez DPH': None, 'cena s dph': None}, {'název': 'Šaty 2920 směs - barva bílá - barva doplňků bílá - vel. L - prodloužená', 'množství': 10, 'cena bez DPH': None, 'cena s dph': None}, {'název': 'Šaty 2920 směs - barva bílá - barva doplňků bílá - vel. XL - prodloužená', 'množství': 2, 'cena bez DPH': None, 'cena s dph': None}, {'název': 'Tričko dámské DREAM - barva 44 tyrkysová - vel. M', 'množství': 44, 'cena bez DPH': None, 'cena s dph': None}, {'název': 'Tričko dámské DREAM - barva 44 tyrkysová - vel. L', 'množství': 30, 'cena bez DPH': None, 'cena s dph': None}, {'název': 'Tričko dámské DREAM - barva 44 tyrkysová - vel. XL', 'množství': 24, 'cena bez DPH': None, 'cena s dph': None}, {'název': 'Polokošile pánská URBAN - barva 00 bílá - vel. M', 'množství': 2, 'cena bez DPH': None, 'cena s dph': None}, {'název': 'Polokošile pánská URBAN - barva 00 bílá - vel. XXL', 'množství': 4, 'cena bez DPH': None, 'cena s dph': None}, {'název': 'Kalhoty pánské 1112 směs - vel. 44', 'množství': 2, 'cena bez DPH': None, 'cena s dph': None}, {'název': 'Kalhoty pánské 1112 směs - vel. 50', 'množství': 4, 'cena bez DPH': None, 'cena s dph': None}]",19423495,Sucom production
53,"Domov seniorů POHODA Chválkovice, příspěvková organizace",17473027,75004372,17.12.2021,"400 000,00 CZK","484 000,00 CZK",smlouva ma dodávky OOPP,"[{'název': 'Bunda fleece /barevná/', 'množství': 60, 'cena bez DPH': None, 'cena s DPH': None}, {'název': 'Halena pro pomocnice - bavlna tisk', 'množství': 60, 'cena bez DPH': None, 'cena s DPH': None}, {'název': 'halena pro kuchařky', 'množství': 50, 'cena bez DPH': None, 'cena s DPH': None}, {'název': 'Halena sesterská - bavlna plátno /barevná/', 'množství': 240, 'cena bez DPH': None, 'cena s DPH': None}, {'název': 'Kalhoty bílé - bavlna kepr', 'množství': 320, 'cena bez DPH': None, 'cena s DPH': None}, {'název': 'kalhoty bílé prodloužené', 'množství': 20, 'cena bez DPH': None, 'cena s DPH': None}, {'název': 'Polokošile bavlna /barevná/', 'množství': 200, 'cena bez DPH': None, 'cena s DPH': None}, {'název': 'Šaty sesterské - bavlna plátno', 'množství': 130, 'cena bez DPH': None, 'cena s DPH': None}, {'název': 'Triko - bavlna /bílé/ do ""V""', 'množství': 40, 'cena bez DPH': None, 'cena s DPH': None}, {'název': 'kalhoty bílé 3/4 - bavlna kepr', 'množství': 60, 'cena bez DPH': None, 'cena s DPH': None}, {'název': 'Plášť lékařský', 'množství': 40, 'cena bez DPH': None, 'cena s DPH': None}]",18798651,Sucom production
54,"Domov seniorů POHODA Chválkovice, příspěvková organizace",17473063,75004372,17.12.2021,"400 000,00 CZK","484 000,00 CZK",smlouva na dodávky prádla,"[{'název': 'Anděl flanel BA 165g/m2', 'množství': 20, 'cena bez DPH': None, 'cena s DPH': None}, {'název': 'anděl plátno tisk BA 145g/m2', 'množství': 180, 'cena bez DPH': None, 'cena s DPH': None}, {'název': 'deka pro jednolůžko', 'množství': 70, 'cena bez DPH': None, 'cena s DPH': None}, {'název': 'podložka bílá BA, 150x170 cm', 'množství': 900, 'cena bez DPH': None, 'cena s DPH': None}, {'název': 'polštář 70x90 cm, duté vlákno, praní na 100*C', 'množství': 70, 'cena bez DPH': None, 'cena s DPH': None}, {'název': 'přikrývka 135x200cm, duté vlákno, praní na 100*C', 'množství': 70, 'cena bez DPH': None, 'cena s DPH': None}, {'název': 'prostěradlo návlek jersey 185g/m2 oboustr., matrace 24', 'množství': 200, 'cena bez DPH': None, 'cena s DPH': None}, {'název': 'ručník froté malý', 'množství': 700, 'cena bez DPH': None, 'cena s DPH': None}, {'název': 'ručník froté velký', 'množství': 250, 'cena bez DPH': None, 'cena s DPH': None}, {'název': 'povlečení ložní BA tisk', 'množství': 400, 'cena bez DPH': None, 'cena s DPH': None}, {'název': 'utěrka BA', 'množství': 150, 'cena bez DPH': None, 'cena s DPH': None}, {'název': 'žínka BA froté', 'množství': 800, 'cena bez DPH': None, 'cena s DPH': None}, {'název': 'overal na zip pro neklidné klienty, flanel BA', 'množství': 10, 'cena bez DPH': None, 'cena s DPH': None}, {'název': 'overal na zip pro neklidné klienty, plátno tisk BA', 'množství': 30, 'cena bez DPH': None, 'cena s DPH': None}]",18798687,Sucom production
55,Domov Libníč a Centrum sociálních služeb Empatie,13660945,666271,27.11.2020,,"76 678,00 CZK","Objednávka - oblečení ( bundy,trička,vesty)","[{'název': 'máslo', 'množství': 2, 'cena bez DPH': 25, 'cena s DPH': 30.5}, {'název': 'mléko', 'množství': 1, 'cena bez DPH': 15, 'cena s DPH': 18.3}]",18791559,Sucom production
56,Domov Libníč a Centrum sociálních služeb Empatie,13708709,666271,02.12.2020,,"98 540,00 CZK",Objednávka - Termo prádlo,"[{'název': 'máslo', 'množství': 2, 'cena bez DPH': 25, 'cena s DPH': 30.5}, {'název': 'mléko', 'množství': 1, 'cena bez DPH': 15, 'cena s DPH': 18.3}]",18792147,Sucom production
57,"Domov pro seniory Hvízdal České Budějovice, příspěvková organizace",17103091,666238,28.04.2021,,"200 000,00 CZK","Pracovní oděvy: kalhoty, haleny, trička, šaty, polokošile","[{'název': 'máslo', 'množství': 1, 'cena bez DPH': 25, 'cena s DPH': 30.25}, {'název': 'mléko', 'množství': None, 'cena bez DPH': 15, 'cena s DPH': None}]",18409207,Sucom production
58,"Střední zdravotnická škola a Vyšší odborná škola zdravotnická, Plzeň, Karlovarská 99",17070043,669695,12.11.2021,,"198 640,00 CZK",Uniformy pro studenty,"[{'název': 'uniformy pro naše studenty', 'množství': None, 'cena bez DPH': None, 'cena s dph': None}]",18374563,Sucom production
59,Domov Libníč a Centrum sociálních služeb Empatie,13307380,666271,27.10.2020,,"64 000,00 CZK",Objednávka - jednorázové pláště,"[{'název': 'máslo', 'množství': 1, 'cena bez DPH': 25, 'cena s DPH': 30.25}, {'název': 'mléko', 'množství': 1, 'cena bez DPH': 15, 'cena s DPH': 18.15}]",18279739,Sucom production
60,"Nemocnice Strakonice, a.s.",16495135,26095181,14.09.2021,,,Objednávka prádla,"[{'název': 'Prostěradlo', 'množství': 300, 'cena bez DPH': None, 'cena s DPH': None}, {'název': 'Podložka', 'množství': 250, 'cena bez DPH': None, 'cena s DPH': None}, {'název': 'Kapna', 'množství': 150, 'cena bez DPH': None, 'cena s DPH': None}, {'název': 'Ženská noční košile vel. XL', 'množství': 75, 'cena bez DPH': None, 'cena s DPH': None}, {'název': 'Ženská noční košile vel. XXL', 'množství': 75, 'cena bez DPH': None, 'cena s DPH': None}, {'název': 'Chir. Košile % rukáv široký (anděl) rukáv 35 cm', 'množství': 200, 'cena bez DPH': None, 'cena s DPH': None}, {'název': 'Chir. košile dlouhý rukáv (anděl ONP)', 'množství': 100, 'cena bez DPH': None, 'cena s DPH': None}]",17765943,Sucom production
61,"Nemocnice Strakonice, a.s.",16077243,26095181,22.07.2021,,,Objednávka prádla,"[{'název': 'Prostěradlo', 'množství': None, 'cena bez DPH': None, 'cena s DPH': None}, {'název': 'Pytle na prádlo velké 100x120 cm', 'množství': None, 'cena bez DPH': None, 'cena s DPH': None}, {'název': 'Rouška zelená chirurgická 90 x 90 cm', 'množství': 50, 'cena bez DPH': None, 'cena s DPH': None}, {'název': 'Nitě bílá 5000m', 'množství': 20, 'cena bez DPH': None, 'cena s DPH': None}, {'název': 'Keprovka (1 cm síře bílá)', 'množství': None, 'cena bez DPH': None, 'cena s DPH': None}]",17300143,Sucom production
62,"Domov pro seniory Severní Terasa, příspěvková organizace",16055455,44555326,23.07.2021,"57 842,00 CZK","69 989,00 CZK",Pracovní obuv,"[{'název': 'Pracovní holínky nízké z PVC, bílé, s protikluzovou podrážkou, svršek odolný vodě', 'množství': None, 'cena bez DPH': 263.0, 'cena s DPH': None}, {'název': 'Lehká pracovní obuv dámská BEANY WHITE vhodná k dezinfekci, ultralehký materiál s tvarovanou pamětí, materiál odolný vůči bakteriím a zápachu, podrážka protiskluz, norma SRA, sandál s páskem zpevňující patu ČSN EN 20347', 'množství': None, 'cena bez DPH': 470.0, 'cena s DPH': None}, {'název': 'Pracovní obuv sandál s páskem zpevňující patu, barva bílá, anatomicky tvarovaná korková obuv se stelkou potaženou usní, podrážka extrém s odolností proti uklouznutí, norma SRA, klínek, vrch obuvi je zhotoven z přírodní usně a má dva pásky přes nárt, dámská', 'množství': None, 'cena bez DPH': 410.0, 'cena s DPH': None}, {'název': 'Pracovní obuv sandál s páskem zpevňující patu, barva bílá, anatomicky tvarovaná korková obuv se stelkou potaženou usní, podrážka extrém s odolností proti uklouznutí, norma SRA, vrch obuvi je zhotoven z přírodní usně a má dva pásky přes nárt, bez klínku, pánská', 'množství': None, 'cena bez DPH': 400.0, 'cena s DPH': None}, {'název': 'Pracovní obuv dámská, sandál PUR, s páskem zpevňující patu, anatomicky tvarovaná polyuretanová stélka s podprstovou řasou a podporou klenby, potažená usní, vrch je zpřírodní usně, litá podrážka polyuretanová, protiskluzová, norma CPA', 'množství': None, 'cena bez DPH': 485.0, 'cena s DPH': None}, {'název': 'Pracovní obuv pánská, sandál, černý, perforovaný, ocelová špička, reflexní doplňky, celokožená, protiskluzová podešev PU', 'množství': None, 'cena bez DPH': 665.0, 'cena s DPH': None}]",17276411,Sucom production
63,Západočeská univerzita v Plzni,16035907,49777513,21.07.2021,"74 600,00 CZK","90 266,00 CZK",Pracovní oděvy,"[{'název': 'Pracovní oděvy', 'množství': 1, 'cena bez DPH': None, 'cena s DPH': None}, {'název': 'Doprava', 'množství': 1, 'cena bez DPH': None, 'cena s DPH': None}]",17255903,Sucom production
64,"Střední zdravotnická škola a Vyšší odborná škola zdravotnická, Plzeň, Karlovarská 99",15961979,669695,13.07.2021,,,Oděvy pro studenty,"[{'název': 'oděvy pro studenty (haleny + kalhoty)', 'množství': None, 'cena bez DPH': None, 'cena s DPH': None}]",17177339,Sucom production
65,"Střední zdravotnická škola a Vyšší odborná škola zdravotnická, Plzeň, Karlovarská 99",15941019,669695,02.07.2021,,,Uniformy pro studenty,"[{'název': 'uniformy pro 2. ročníky SZŠ', 'množství': None, 'cena bez DPH': None, 'cena s dph': None}]",17155107,Sucom production
66,Domov důchodců Police nad Metují,15098707,71194002,09.04.2021,,,Smlouva o vypořádání závazků,"[{'název': 'Jednorázová kombinéza, vel. L', 'množství': 300, 'cena bez DPH': 169.4, 'cena s DPH': None}, {'název': 'Jednorázová kombinéza, vel.X L', 'množství': 200, 'cena bez DPH': 169.4, 'cena s DPH': None}]",16253315,Sucom production
67,"Domov důchodců Sloup v Čechách, příspěvková organizace",14939863,48282928,26.03.2021,"106 232,23 CZK","128 541,00 CZK",Nákup jednorázových ochranných prostředků při pandemii COVID19,"[{'název': 'Jednoráz. čepice PO 110 bílá', 'množství': 100, 'cena bez DPH': 70, 'cena s DPH': 84.7}, {'název': 'Obuv RAVEN WHITE MOCCASIN vel.41', 'množství': 1, 'cena bez DPH': 531.69, 'cena s DPH': 643.34}, {'název': 'Zaokrouhlení', 'množství': 1, 'cena bez DPH': 0.54, 'cena s DPH': 0.66}]",16077055,Sucom production
68,"Sociální služby města Třince, příspěvková organizace",14553255,600954,25.02.2021,"72 000,00 CZK",,Objednávka - Respirátory FFP2,"[{'název': 'máslo', 'množství': 2, 'cena bez DPH': 25, 'cena s DPH': 30.5}, {'název': 'mléko', 'množství': 1, 'cena bez DPH': 15, 'cena s DPH': 18.3}]",15623039,Sucom production
69,"Domov seniorů Hranice, příspěvková organizace",14384631,70876541,20.01.2021,,,Kupní smlouva - ochranné oděvy,"[{'název': 'Flecová mikina', 'množství': None, 'cena bez DPH': None, 'cena s dph': '266,20 Kč'}, {'název': 'Flecová vesta', 'množství': None, 'cena bez DPH': None, 'cena s dph': '209,33 Kč'}, {'název': 'Kalhoty bílé dámské', 'množství': None, 'cena bez DPH': None, 'cena s dph': '208,12 Kč'}, {'název': 'Halena pro zdravotníky a pracovnice úklidu', 'množství': None, 'cena bez DPH': None, 'cena s dph': '199,65 Kč'}, {'název': 'Šaty pro zdravotníky', 'množství': None, 'cena bez DPH': None, 'cena s dph': '233,53 Kč'}, {'název': 'Tričko bílé', 'množství': None, 'cena bez DPH': None, 'cena s dph': '77,44 Kč'}]",15443283,Sucom production
70,"Domov seniorů TGM, příspěvková organizace",14196495,72541121,21.12.2020,"96 414,00 CZK","116 661,00 CZK",Objednávka - lůžkoviny,"[{'název': 'Polštář kuličkový 70/90, DAVOS', 'množství': 120, 'cena bez DPH': 308.24, 'cena s DPH': 372.97}, {'název': 'Deka prošívaná 135x200 praní 95', 'množství': 120, 'cena bez DPH': 495.21, 'cena s DPH': 599.2}]",15245123,Sucom production
71,"Domov pro seniory Hvízdal České Budějovice, příspěvková organizace",14067579,666238,31.12.2020,,,dodávku jednorázových pomůcek,"[{'název': 'máslo', 'množství': 2, 'cena bez DPH': 25, 'cena s DPH': 30.5}, {'název': 'mléko', 'množství': 1, 'cena bez DPH': 15, 'cena s DPH': 18.3}]",15108363,Sucom production
72,Domov pro seniory Krč,14003543,70874212,22.12.2020,,"69 212,00 CZK",Dodávka jednorázových plášťů,"[{'název': 'Jednoráz. plášť návštěvnický', 'množství': 1100, 'cena bez DPH': 52.0, 'cena s dph': None}]",15039907,Sucom production
73,"Domov seniorů POHODA Chválkovice, příspěvková organizace",13976659,75004372,17.12.2020,"380 000,00 CZK","460 000,00 CZK",dodávky prádla v roce 2021,"[{'název': 'Anděl flanel BA 165g/m2', 'množství': 20, 'cena bez DPH': None, 'cena s DPH': None}, {'název': 'anděl plátno tisk BA 145g/m2', 'množství': 120, 'cena bez DPH': None, 'cena s DPH': None}, {'název': 'deka pro jednolůžko', 'množství': 70, 'cena bez DPH': None, 'cena s DPH': None}, {'název': 'podložka bílá BA, 150x170 cm', 'množství': 900, 'cena bez DPH': None, 'cena s DPH': None}, {'název': 'polštář 70x90 cm, duté vlákno, praní na 95°C', 'množství': 70, 'cena bez DPH': None, 'cena s DPH': None}, {'název': 'přikrývka 135x200cm, duté vlákno, praní na 95°C', 'množství': 70, 'cena bez DPH': None, 'cena s DPH': None}, {'název': 'prostěradlo návlek jersey 185g/m2 oboustr., matrace 24', 'množství': 200, 'cena bez DPH': None, 'cena s DPH': None}, {'název': 'ručník froté malý', 'množství': 700, 'cena bez DPH': None, 'cena s DPH': None}, {'název': 'ručník froté velký', 'množství': 250, 'cena bez DPH': None, 'cena s DPH': None}, {'název': 'povlečení ložní BA tisk', 'množství': 400, 'cena bez DPH': None, 'cena s DPH': None}, {'název': 'utěrka BA', 'množství': 150, 'cena bez DPH': None, 'cena s DPH': None}, {'název': 'žínka BA froté', 'množství': 800, 'cena bez DPH': None, 'cena s DPH': None}, {'název': 'overal na zip pro neklidné klienty, flanel BA', 'množství': 10, 'cena bez DPH': None, 'cena s DPH': None}, {'název': 'overal na zip pro neklidné klienty, plátno tisk BA', 'množství': 30, 'cena bez DPH': None, 'cena s DPH': None}]",15011267,Sucom production
74,"Domov seniorů POHODA Chválkovice, příspěvková organizace",13956231,75004372,17.12.2020,"350 000,00 CZK","424 000,00 CZK",dodávky OOPP pro zaměstnance ,"[{'název': 'Bunda fleece /barevná/', 'množství': 60, 'cena bez DPH': None, 'cena s DPH': None}, {'název': 'Halena pro pomocnice - bavlna tisk', 'množství': 60, 'cena bez DPH': None, 'cena s DPH': None}, {'název': 'halena pro kuchařky', 'množství': 50, 'cena bez DPH': None, 'cena s DPH': None}, {'název': 'Halena sesterská - bavlna plátno /barevná/', 'množství': 240, 'cena bez DPH': None, 'cena s DPH': None}, {'název': 'Kalhoty bílé - bavlna kepr', 'množství': 320, 'cena bez DPH': None, 'cena s DPH': None}, {'název': 'kalhoty bílé prodloužené', 'množství': 20, 'cena bez DPH': None, 'cena s DPH': None}, {'název': 'Polokošile bavlna /barevná/', 'množství': 200, 'cena bez DPH': None, 'cena s DPH': None}, {'název': 'Šaty sesterské - bavlna plátno', 'množství': 130, 'cena bez DPH': None, 'cena s DPH': None}, {'název': 'Triko - bavlna /bílé/ do ""V""', 'množství': 40, 'cena bez DPH': None, 'cena s DPH': None}, {'název': 'kalhoty bílé 3/4 - bavlna kepr', 'množství': 60, 'cena bez DPH': None, 'cena s DPH': None}, {'název': 'Plášť lékařský', 'množství': 40, 'cena bez DPH': None, 'cena s DPH': None}]",14989931,Sucom production
75,Domov pro seniory Krč,13949379,70874212,03.12.2020,,"62 920,00 CZK",Dodávka jednorázových plášťů,"[{'název': 'Jednoráz. plášť návštěvnický', 'množství': 1000, 'cena bez DPH': 52.0, 'cena s dph': None}]",14982647,Sucom production
76,Domov pro seniory Krč,13949471,70874212,14.12.2020,,"62 920,00 CZK",Dodávka jednorázových plášťů,"[{'název': 'Jednoráz. plášť návštěvnický', 'množství': 1000, 'cena bez DPH': 52000.0, 'cena s dph': 62920.0}]",14982747,Sucom production
77,"Domov klidného stáří v Žinkovech, příspěvková organizace",13912330,49180312,17.12.2020,"144 700,00 CZK","175 087,00 CZK",Objednávka ochranných pomůcek,"[{'název': 'máslo', 'množství': 2, 'cena bez DPH': 25, 'cena s DPH': 30.5}, {'název': 'mléko', 'množství': 1, 'cena bez DPH': 15, 'cena s DPH': 18.3}]",14944230,Sucom production
78,Domov pro seniory Krč,13895762,70874212,23.11.2020,,"62 920,00 CZK",Dodávka jednorázových plášťů,"[{'název': 'Jednoráz. plášť návštěv. BLOUZPU', 'množství': 500, 'cena bez DPH': 52.0, 'cena s DPH': None}, {'název': 'Jedno plášť návštěv. BLOUZPU', 'množství': 250, 'cena bez DPH': 52.0, 'cena s DPH': None}, {'název': 'poeně plášť návštěv, BLOUZPU vel.L', 'množství': 250, 'cena bez DPH': 52.0, 'cena s DPH': None}]",14926054,Sucom production
79,Městský ústav sociálních služeb Strakonice,13718209,70828334,09.11.2020,"52 400,00 CZK","63 404,00 CZK",Dodávka zboží-jednoráz.pláště,"[{'název': 'máslo', 'množství': 2, 'cena bez DPH': 25, 'cena s dph': 30.5}, {'název': 'mléko', 'množství': 1, 'cena bez DPH': 15, 'cena s dph': 18.3}]",14726737,Sucom production
80,Ústav sociálních služeb města Nové Paky,13632341,60117150,18.11.2020,,,nákup ochranných pomůcek,"[{'název': 'máslo', 'množství': 2, 'cena bez DPH': 25, 'cena s dph': 30.5}, {'název': 'mléko', 'množství': 1, 'cena bez DPH': 15, 'cena s dph': 18.3}]",14627093,Sucom production
81,"Domovy sociálních služeb Kadaň a Mašťov, příspěvková organizace",13549040,46789910,27.10.2020,,"60 500,00 CZK","Kupní smlouva ""Dodávka celkem 20 000ks rukavic""","[{'název': 'jednorázové vyšetřovací a ochranné nitrilové rukavice velikost M', 'množství': 17000, 'cena bez DPH': 42500, 'cena s DPH': 51425}, {'název': 'jednorázové vyšetřovací a ochranné nitrilové rukavice velikost XL', 'množství': 3000, 'cena bez DPH': 7500, 'cena s DPH': 9075}]",14529120,Sucom production
82,"Domovy sociálních služeb Kadaň a Mašťov, příspěvková organizace",13473196,46789910,27.10.2020,,"58 080,00 CZK","Kupní smlouva ""Dodávka 20 000ks jednorázových vyšetřovacích ochranných nitrilových rukavic""","[{'název': 'jednorázové vyšetřovací a ochranné nitrilové rukavice velikost M', 'množství': 17000, 'cena bez DPH': 40800, 'cena s DPH': 49368}, {'název': 'jednorázové vyšetřovací a ochranné nitrilové rukavice velikost XL', 'množství': 3000, 'cena bez DPH': 7200, 'cena s DPH': 8712}]",14444912,Sucom production
83,Jihočeský kraj,13408400,70890650,05.11.2020,"104 000,00 CZK","125 840,00 CZK",Nákup 2 000ks jednorázových ochranných plášťů,"[{'název': 'jednorázové ochranné pláště', 'množství': 2000, 'cena bez DPH': 52, 'cena s dph': None}]",14374184,Sucom production
84,"Domov Velvary, poskytovatel sociálních služeb",13328908,71234403,22.10.2020,"52 400,00 CZK","63 404,00 CZK",Jednorázové pláště,"[{'název': 'Jednorázové pláště', 'množství': None, 'cena bez DPH': None, 'cena s DPH': None}]",14287480,Sucom production
85,"Domov důchodců Sloup v Čechách, příspěvková organizace",13263480,48282928,26.10.2020,"81 720,66 CZK","98 882,00 CZK",Nákup ochranných prostředků Covid19,"[{'název': 'Jednoráz. plášť návštěv. BLOUZPU', 'množství': 1000, 'cena bez DPH': 52.0, 'cena s DPH': None}, {'název': 'Jednoráz. kombinéza PO 109', 'množství': 200, 'cena bez DPH': 145.0, 'cena s DPH': None}, {'název': 'Dopravné', 'množství': None, 'cena bez DPH': 80.0, 'cena s DPH': None}, {'název': 'Zaokrouhlení', 'množství': None, 'cena bez DPH': 0.66, 'cena s DPH': None}]",14217392,Sucom production
86,"Domov Duha, příspěvková organizace",13197084,48804886,14.10.2020,"72 600,00 CZK",,Jednorázová kombinéza,"[{'název': 'jednorázová kombinéza (vel.L)', 'množství': 250, 'cena bez DPH': 145, 'cena s DPH': None}, {'název': 'jednorázová kombinéza (vel.Xl)', 'množství': 250, 'cena bez DPH': 145, 'cena s DPH': None}]",14144736,Sucom production
87,"Domov Duha, příspěvková organizace",13168320,48804886,13.10.2020,"72 600,00 CZK",,Jednorázová kombinéza,"[{'název': 'jednorázová kombinéza (vel.L)', 'množství': 250, 'cena bez DPH': 145, 'cena s DPH': None}, {'název': 'jednorázová kombinéza (vel.XL)', 'množství': 250, 'cena bez DPH': 145, 'cena s DPH': None}, {'název': 'doprava', 'množství': None, 'cena bez DPH': 100, 'cena s DPH': None}]",14113568,Sucom production
88,Domov pro osoby se zdravotním postižením Sulická,13162928,70873046,12.10.2020,"104 000,00 CZK","125 840,00 CZK",jednorázový plášť,"[{'název': 'jednorázový návštěvnický plášť, velikost L', 'množství': 2000, 'cena bez DPH': '52,00 Kč/1ks', 'cena s dph': None}]",14107852,Sucom production
89,"Domov pro seniory Hvízdal České Budějovice, příspěvková organizace",13164116,666238,13.10.2020,,,dodávky pracovních oděvů,"[{'název': 'máslo', 'množství': 2, 'cena bez DPH': 25, 'cena s dph': 30.5}, {'název': 'mléko', 'množství': 1, 'cena bez DPH': 15, 'cena s dph': 18.3}]",14109112,Sucom production
90,"Domov důchodců Sloup v Čechách, příspěvková organizace",13083648,48282928,22.09.2020,"52 440,50 CZK","63 453,00 CZK",Nákup ochranných prostředků Covid19,"[{'název': 'Jednoráz. plášť BLOUSPO vel.M', 'množství': 250, 'cena bez DPH': 38.0, 'cena s DPH': None}, {'název': 'Jednoráz. plášť návštěv. BLOUZPU', 'množství': 750, 'cena bez DPH': 52.0, 'cena s DPH': None}, {'název': 'Jednoráz. návlek na obuv SURCHCPE', 'množství': 2000, 'cena bez DPH': 125.0, 'cena s DPH': None}, {'název': 'Jednoráz. čepice PO 111 clip', 'množství': 1000, 'cena bez DPH': 80.0, 'cena s DPH': None}, {'název': 'Dopravné', 'množství': None, 'cena bez DPH': 80.0, 'cena s DPH': None}, {'název': 'Zaokrouhlení', 'množství': None, 'cena bez DPH': 0.5, 'cena s DPH': None}]",14024668,Sucom production
91,"Domov seniorů POHODA Chválkovice, příspěvková organizace",12930920,75004372,21.09.2020,"71 314,00 CZK","86 290,00 CZK",nákup 28 tisíc kusů nitrilových a latexových rukavic,"[{'název': 'NITRILOVÉ RUKAVICE VEL. S', 'množství': 56, 'cena bez DPH': None, 'cena s DPH': None}, {'název': 'NITRILOVÉ RUKAVICE VEL. M', 'množství': 130, 'cena bez DPH': None, 'cena s DPH': None}, {'název': 'RUKAVICE LATEXOVÉ VEL. L', 'množství': 97, 'cena bez DPH': None, 'cena s DPH': None}]",13865800,Sucom production
92,"Domov seniorů POHODA Chválkovice, příspěvková organizace",12809772,75004372,09.09.2020,"82 640,00 CZK","99 995,00 CZK",33 tisíc nutrilových rukavic dle požadovaných velikostí ,"[{'název': 'NITRILOVÉ RUKAVICE VEL. M', 'množství': 200, 'cena bez DPH': None, 'cena s DPH': None}, {'název': 'NITRILOVÉ RUKAVICE VEL. L', 'množství': 80, 'cena bez DPH': None, 'cena s DPH': None}, {'název': 'NITRILOVÉ RUKAVICE VEL. S', 'množství': 50, 'cena bez DPH': None, 'cena s DPH': None}]",13738368,Sucom production
93,"Domovy sociálních služeb Kadaň a Mašťov, příspěvková organizace",12760964,46789910,24.08.2020,,"60 650,00 CZK",Kupní smlouva č. SM 19/250/2020,"[{'název': 'jednorázové vyšetřovací a ochranné nitrilové rukavice', 'množství': 20000, 'cena bez DPH': 35000, 'cena s DPH': 42500}]",13686804,Sucom production
94,Domov pro seniory Zahradní Město,12676972,70878030,20.07.2020,"49 580,00 CZK","59 991,80 CZK",Objednávka - jednorázový plášť,"[{'název': 'jednorázový návštěvnický plášť, vel. M', 'množství': 300, 'cena bez DPH': 52, 'cena s DPH': 62.92}, {'název': 'jednorázový návštěvnický plášť, vel. XL', 'množství': 340, 'cena bez DPH': 52, 'cena s DPH': 62.92}, {'název': 'jednorázový návštěvnický plášť, vel. XXL', 'množství': 300, 'cena bez DPH': 52, 'cena s DPH': 62.92}]",13597832,Sucom production
95,Zdravotnická záchranná služba Jihočeského kraje,12449704,48199931,24.07.2020,"54 000,00 CZK",,Objednávka - ložní prádlo bílé,"[{'název': 'Povlak na polštář 70 x 90 cm', 'množství': 200, 'cena bez DPH': None, 'cena s DPH': None}, {'název': 'Povlak na peřinu 140 x 200, uzávěr knoflíky', 'množství': 200, 'cena bez DPH': None, 'cena s DPH': None}]",13358476,Sucom production
96,"Oblastní nemocnice Příbram, a.s.",12029220,27085031,22.04.2020,"175 000,00 CZK",,Dodavatelská objednávka č. DO168220 pro středisko 60020 - Společné náklady a výnosy PB,"[{'název': 'Jednorázový návštěvnický plášť', 'množství': None, 'cena bez DPH': None, 'cena s DPH': None}]",12913988,Sucom production
97,Domov pro seniory Zahradní Město,11905700,70878030,04.05.2020,"49 587,00 CZK","60 000,27 CZK",Objednávka - jednorázový plášť,"[{'název': 'jednorázový návštěvnický plášť, vel. M', 'množství': 700, 'cena bez DPH': None, 'cena s DPH': 42.35}, {'název': 'jednorázový návštěvnický plášť, vel. XL', 'množství': 650, 'cena bez DPH': None, 'cena s DPH': 44.77}]",12783840,Sucom production
98,Všeobecná fakultní nemocnice v Praze,11342044,64165,09.04.2020,"89 100,56 CZK",,SUCOM PRODUCTION s.r.o. - MTZ/20/01885,"[{'název': 'obuv antistatická', 'množství': 180, 'cena bez DPH': None, 'cena s dph': 598.95}]",12197296,Sucom production
99,Všeobecná fakultní nemocnice v Praze,11232408,64165,30.03.2020,"74 251,50 CZK",,SUCOM PRODUCTION s.r.o. - MTZ/20/01703,"[{'název': 'obuv antistatická', 'množství': 150, 'cena bez DPH': None, 'cena s DPH': 598.96}]",12082320,Sucom production
100,Všeobecná fakultní nemocnice v Praze,11151604,64165,18.03.2020,"84 150,00 CZK",,SUCOM PRODUCTION s.r.o. - MTZ/20/01519,"[{'název': 'obuv antistatická', 'množství': 170, 'cena bez DPH': None, 'cena s DPH': 598.95}]",11997200,Sucom production
101,"Domov seniorů Hranice, příspěvková organizace",11141304,70876541,13.03.2020,"51 400,00 CZK","62 194,00 CZK",Akceptace objednávky na ochranné oděvy,"[{'název': 'kalhoty bílé dámské', 'množství': None, 'cena bez DPH': None, 'cena s dph': None}, {'název': 'halena pro zdravotníky modrá, bílé lemování', 'množství': None, 'cena bez DPH': None, 'cena s dph': None}, {'název': 'šaty pro zdravotníky žluté, bílý doplněk', 'množství': None, 'cena bez DPH': None, 'cena s dph': None}, {'název': 'tričko bílé, střich u krku do V', 'množství': None, 'cena bez DPH': None, 'cena s dph': None}]",11986596,Sucom production
102,"Nemocnice Strakonice, a.s.",11054464,26095181,24.02.2020,,,objednávka prádla,"[{'název': 'Prostěradlo', 'množství': None, 'cena bez DPH': None, 'cena s DPH': None}, {'název': 'Podložka', 'množství': None, 'cena bez DPH': None, 'cena s DPH': None}, {'název': 'Ženská noční košile vel. XL', 'množství': None, 'cena bez DPH': None, 'cena s DPH': None}, {'název': 'Ženská noční košile vel. XXL', 'množství': None, 'cena bez DPH': None, 'cena s DPH': None}, {'název': 'Chir. Košile % rukáv široký (anděl)', 'množství': None, 'cena bez DPH': None, 'cena s DPH': None}, {'název': 'Chir. košile dlouhý rukáv (ONP)', 'množství': None, 'cena bez DPH': None, 'cena s DPH': None}, {'název': 'Ručník', 'množství': None, 'cena bez DPH': None, 'cena s DPH': None}, {'název': 'Nitě blé 5000 m', 'množství': None, 'cena bez DPH': None, 'cena s DPH': None}, {'název': 'Keprovka bílá (tkaloun) šíře 1 cm', 'množství': None, 'cena bez DPH': None, 'cena s DPH': None}]",11895628,Sucom production
103,"Domovy sociálních služeb Kadaň a Mašťov, příspěvková organizace",10983780,46789910,25.02.2020,,"302 500,00 CZK","Rámcová Kupní smlouva - dodávky zdravotnických a ošetřovatelských oděvů, osobních ochranných pomůcek a zdravotní a pracovní obuv","[{'název': 'Pánská bavlněná polokošile s krátkým rukávem', 'množství': None, 'cena bez DPH': '725,00 Kč', 'cena s DPH': None}, {'název': 'Pánská halena rovného střihu', 'množství': None, 'cena bez DPH': '1 575,00 Kč', 'cena s DPH': None}, {'název': 'Lékařské pánské pracovní kalhoty', 'množství': None, 'cena bez DPH': '330,75 Kč', 'cena s DPH': '1 905,75 Kč'}, {'název': 'Mikina pánská fleecová s dlouhým rukávem', 'množství': None, 'cena bez DPH': '240,00 Kč', 'cena s DPH': '1 512,50 Kč'}, {'název': 'Rukavice pracovní prstové zimní', 'množství': None, 'cena bez DPH': '2 400,00 Kč', 'cena s DPH': '2 904,00 Kč'}]",11820884,Sucom production
104,Fakultní nemocnice Plzeň,10850304,669806,07.02.2020,"371 800,00 CZK","449 878,00 CZK",Kupní smlouva: Dodávky ochranné a zdravotnické obuvi na základě výsledků VZMR.,"[{'název': 'Korková ochranná a zdravotnická obuv - svršek z přírodní hovězí usně', 'množství': None, 'cena bez DPH': '305,00 Kč', 'cena s DPH': '369,05 Kč'}, {'název': 'Korková ochranná a zdravotnická obuv - svršek z poromerické usně', 'množství': None, 'cena bez DPH': None, 'cena s DPH': None}, {'název': 'PUR ochranná a zdravotnická obuv - dámská', 'množství': None, 'cena bez DPH': '355,00 Kč', 'cena s DPH': '429,55 Kč'}, {'název': 'PUR ochranná a zdravotnická obuv - pánská', 'množství': None, 'cena bez DPH': '365,00 Kč', 'cena s DPH': '441,65 Kč'}]",11677280,Sucom production
105,Fakultní nemocnice Plzeň,10834092,669806,07.02.2020,,,Smlouva o spolupráci: Smlouva o spolupráci při poskytování náhradního plnění na nákup zdravotnické a ochranné obuvi na základě výsledků VZMR,"[{'název': 'výrobky a služby', 'množství': None, 'cena bez DPH': None, 'cena s DPH': None}]",11659488,Sucom production
106,"Domov pro seniory Hvízdal České Budějovice, příspěvková organizace",10760160,666238,03.02.2020,,,Dodávky pracovních oděvů,"[{'název': 'Roční objednávka - dodávky pracovních oděvů (kalhoty, haleny, trička, šaty, polokošile) a andělé – košile pro uživatele', 'množství': None, 'cena bez DPH': '200000.00 Kč', 'cena s dph': None}]",11580084,Sucom production
107,"Domov seniorů Hranice, příspěvková organizace",10561148,70876541,09.01.2020,,,Rámcová kupní smlouva - ochranné oděvy,"[{'název': 'Flecová mikina', 'množství': None, 'cena bez DPH': None, 'cena s DPH': '265,80 Kč'}, {'název': 'Flecová vesta', 'množství': None, 'cena bez DPH': None, 'cena s DPH': '205,70 Kč'}, {'název': 'Kalhoty bílé dámské', 'množství': None, 'cena bez DPH': None, 'cena s DPH': '199,65 Kč'}, {'název': 'Halena pro zdravotníky a pracovnice úklidu', 'množství': None, 'cena bez DPH': None, 'cena s DPH': '187,55 Kč'}, {'název': 'Šaty pro zdravotníky', 'množství': None, 'cena bez DPH': None, 'cena s DPH': '223,85 Kč'}, {'název': 'Tričko bílé', 'množství': None, 'cena bez DPH': None, 'cena s DPH': '70,18 Kč'}]",11366888,Sucom production
108,"Nemocnice následné péče Svatá Anna, s.r.o.",10449144,26360896,23.12.2019,"82 640,50 CZK",,536 _ Objednávka lůžkoviny SUCOM Production,"[{'název': 'prostěradlo bílé 150x260', 'množství': 200, 'cena bez DPH': 139.2, 'cena s DPH': None}, {'název': 'kapna s hot uzávěrem 140x220', 'množství': 200, 'cena bez DPH': 240.0, 'cena s DPH': None}, {'název': 'polštář s hot uzávěrem', 'množství': 100, 'cena bez DPH': 65.0, 'cena s DPH': None}]",11241636,Sucom production
109,"Střední zdravotnická škola a Vyšší odborná škola zdravotnická, Plzeň, Karlovarská 99",10403200,669695,30.08.2019,"49 460,00 CZK","59 847,00 CZK","Haleny, kalhoty žáci","[{'název': 'Halena 2145 - směs, bílá, vel, 4XL', 'množství': 1, 'cena bez DPH': 335.0, 'cena s DPH': None}, {'název': 'Kalhoty universal - směs, vel, 60', 'množství': 2, 'cena bez DPH': 295.0, 'cena s DPH': None}, {'název': 'Dopravné', 'množství': 2, 'cena bez DPH': 80.0, 'cena s DPH': None}]",11188084,Sucom production
110,"Domovy sociálních služeb Kadaň a Mašťov, příspěvková organizace",10074768,46789910,12.11.2019,,"181 500,00 CZK",Smlouva na dodávky ložního a jiného prádla,"[{'název': 'ložní a jiné prádlo', 'množství': None, 'cena bez DPH': None, 'cena s DPH': None}]",10836180,Sucom production
111,"Domovy sociálních služeb Litvínov, příspěvková organizace",9338694,49872541,05.09.2019,"991 735,54 CZK","1 200 000,00 CZK",Kupní smlouva,"[{'název': 'pracovní oděvy a ochranné pomůcky', 'množství': None, 'cena bez DPH': 991735.54, 'cena s DPH': 1200000}]",10056242,Sucom production
112,"Domov Unhošť, poskytovatel sociálních služeb",8442475,71234411,17.05.2019,"99 765,00 CZK","120 716,00 CZK",Objednávka ložního a pacientského prádla pro klienty Domova Unhošť,"[{'název': 'Ložní souprava, barevná se vzorem', 'množství': 50, 'cena bez DPH': None, 'cena s DPH': None}, {'název': 'Podložka do lůžka bílá', 'množství': 150, 'cena bez DPH': None, 'cena s DPH': None}, {'název': 'Prostěradlo Jersey na jednolůžko', 'množství': 20, 'cena bez DPH': None, 'cena s DPH': None}, {'název': 'Povlak na polštář jednobarevný, hotelový uzávěr', 'množství': 50, 'cena bez DPH': None, 'cena s DPH': None}, {'název': 'Povlak na deku jednobarevný, hotelový uzávěr', 'množství': 50, 'cena bez DPH': None, 'cena s DPH': None}, {'název': 'Ručník froté', 'množství': 200, 'cena bez DPH': None, 'cena s DPH': None}, {'název': 'Utěrky Lux', 'množství': 50, 'cena bez DPH': None, 'cena s DPH': None}, {'název': 'Polštář duté vlákno', 'množství': 30, 'cena bez DPH': None, 'cena s DPH': None}, {'název': 'Košile- Anděl', 'množství': 135, 'cena bez DPH': None, 'cena s DPH': None}]",9106631,Sucom production
113,"Domovy sociálních služeb Kadaň a Mašťov, příspěvková organizace",8110671,46789910,20.03.2019,,,"Dodávka zdravotnických a ošetřovatelských oděvů, osobních ochranných pomůcek a zdravotní a pracovní obuvi","[{'název': 'Zdravotní obuv s otočnou masážní stelkou - sandále protiskluzové', 'množství': 100, 'cena bez DPH': '79 500,00 Kč', 'cena s DPH': '96 195,00 Kč'}, {'název': 'Gastro obuv s otočnou masážní stelkou - sandále protiskluzové', 'množství': 30, 'cena bez DPH': '24 300,00 Kč', 'cena s DPH': '29 403,00 Kč'}, {'název': 'Holínky bílé', 'množství': 5, 'cena bez DPH': '1 295,00 Kč', 'cena s DPH': '1 566,95 Kč'}, {'název': 'Prcovní obuv letní (typu Prestige)', 'množství': 8, 'cena bez DPH': '6 360,00 Kč', 'cena s DPH': '7 695,60 Kč'}, {'název': 'Pracovní obuv zimní', 'množství': 8, 'cena bez DPH': '3 024,00 Kč', 'cena s DPH': '3 659,04 Kč'}, {'název': 'Dámské triko s velmi krátkým rukávem. Volný kulatý průkrčník s úzkým lemem ze shodného materiálu. Ramena zpevněna všitým proužkem. Triko sahá do hloubky boků. Vhodné pro potisk a výšivku.', 'množství': 100, 'cena bez DPH': '13 800,00 Kč', 'cena s DPH': '16 698,00 Kč'}, {'název': ""Dámská zdravotnická halena volnějšího střihu přes hlavu se spadlými rukávy, výstřih do 'V', vpředu dvě prostorné spodní kapsy, zadní díl hladký a jedna menší náprsní kapsa, spodní okraj haleny rovný s bočními rozparky."", 'množství': 50, 'cena bez DPH': '9 750,00 Kč', 'cena s DPH': '11 797,50 Kč'}, {'název': 'Dámské kalhoty do pasu. Ve střihu volné a velmi pohodlné. V pase dvě gumy a se zavazováním na šňůrku. V bocích dvě vnitřní prostorné kapsy.', 'množství': 50, 'cena bez DPH': '9 750,00 Kč', 'cena s DPH': '11 797,50 Kč'}, {'název': ""Dámské zdravotnické šaty volnějšího střihu přes hlavu se spadlými rukávy, výstřih do 'V', vpředu dvě prostorné spodní kapsy, zadní díl hladký a jedna menší náprsní kapsa, spodní okraj haleny rovný s bočními rozparky."", 'množství': 50, 'cena bez DPH': '1 250,00 Kč', 'cena s DPH': '1 512,50 Kč'}, {'název': 'Dámská fleecová mikina klasického střihu se dvěma kapsami a možností stažení spodního lemu elastickou šňůrkou. Antipillingová úprava na vnější straně bundy.', 'množství': 50, 'cena bez DPH': '14 250,00 Kč', 'cena s DPH': '17 242,50 Kč'}, {'název': 'Vesta fleecová dámská, 2 kapsy.', 'množství': 50, 'cena bez DPH': '13 250,00 Kč', 'cena s DPH': '16 032,50 Kč'}, {'název': 'Operační komplet z vysrážené 100% bavlny, gramáž 160g/m2 s chlórostálou úpravou, s halenou s dvěma kapsami a kalhoty na gumu bez kapes.', 'množství': 10, 'cena bez DPH': '3 250,00 Kč', 'cena s DPH': '3 932,50 Kč'}, {'název': 'Klasický dámský plášť s krátkým rukávem pro zdravotnická zařízení a potravinářské povozy.', 'množství': 5, 'cena bez DPH': '1 125,00 Kč', 'cena s DPH': '1 361,25 Kč'}, {'název': 'Pánské triko', 'množství': 5, 'cena bez DPH': '1 600,00 Kč', 'cena s DPH': '1 936,00 Kč'}, {'název': 'Pánská bavlněná polokošile s krátkým rukávem z hladkého úpletu. Zpevňující ramenní páska.', 'množství': 5, 'cena bez DPH': '725,00 Kč', 'cena s DPH': '877,25 Kč'}, {'název': 'Pánská halena rovného střihu, přes hlavu, s límcem, na předním díle celkem tři nakládané kapsy, zadní díl hladký, dolní kraj rovný s krátkými bočními rozparky.', 'množství': 5, 'cena bez DPH': '1 575,00 Kč', 'cena s DPH': '1 905,75 Kč'}, {'název': 'Lékařské pánské pracovní kalhoty, přední zapínání na knoflíky s gumou v části pasu.', 'množství': 5, 'cena bez DPH': '840,00 Kč', 'cena s DPH': '1 016,40 Kč'}, {'název': 'Mikina pánská fleecová s dlouhým rukávem, vpředu dvě kapsy.', 'množství': 5, 'cena bez DPH': '1 425,00 Kč', 'cena s DPH': '1 724,25 Kč'}, {'název': 'Pokrývka hlavy nebo síťka', 'množství': 50, 'cena bez DPH': '1 250,00 Kč', 'cena s DPH': '1 512,50 Kč'}, {'název': 'Nitrilové rukavice jednorázové VulkanSafe vel. S. M. L.', 'množství': 1000, 'cena bez DPH': '680,00 Kč', 'cena s DPH': '822,80 Kč'}, {'název': 'Rukavice jednorázové igelitové', 'množství': 1000, 'cena bez DPH': '150,00 Kč', 'cena s DPH': '181,50 Kč'}, {'název': 'Rukavice úklidové', 'množství': 200, 'cena bez DPH': '2 400,00 Kč', 'cena s DPH': '2 904,00 Kč'}, {'název': 'Pokrývka hlavy jednorázová', 'množství': 1000, 'cena bez DPH': '630,00 Kč', 'cena s DPH': '762,30 Kč'}, {'název': 'Ústenka jednorázová', 'množství': 1000, 'cena bez DPH': '900,00 Kč', 'cena s DPH': '1 089,00 Kč'}, {'název': 'Zástěra jednorázová', 'množství': 1000, 'cena bez DPH': '1 250,00 Kč', 'cena s DPH': '1 512,50 Kč'}, {'název': 'Monterková bůza', 'množství': 8, 'cena bez DPH': '1 400,00 Kč', 'cena s DPH': '1 694,00 Kč'}, {'název': 'Monterkové kalhoty s ladem', 'množství': 8, 'cena bez DPH': '1 720,00 Kč', 'cena s DPH': '2 081,20 Kč'}, {'název': 'Rukavice pracovní prstové', 'množství': 20, 'cena bez DPH': '240,00 Kč', 'cena s DPH': '290,40 Kč'}, {'název': 'Rukavice pracovní prstové zimní', 'množství': 20, 'cena bez DPH': '720,00 Kč', 'cena s DPH': '871,20 Kč'}]",8755867,Sucom production
114,"Domov pro seniory Hvízdal České Budějovice, příspěvková organizace",7727359,666238,28.02.2019,,,Dodávky oděvů,"[{'název': 'Roční objednávka - dodávky pracovních oděvů (kalhoty, haleny, trička atd.) a andělé – košile pro uživatele na rok 2019', 'množství': None, 'cena bez DPH': None, 'cena s DPH': None}]",8343575,Sucom production
115,"Nemocnice Písek, a.s.",7215263,26095190,28.12.2018,,,Rámcová kupní smlouva,"[{'název': 'máslo', 'množství': 2, 'cena bez DPH': 25, 'cena s dph': 30.5}, {'název': 'mléko', 'množství': 1, 'cena bez DPH': 15, 'cena s dph': 18.3}]",7790659,Sucom production
116,"Domov Harmonie, centrum sociálních služeb Mirošov, příspěvková organizace",6348191,48379808,27.09.2018,"110 450,00 CZK","133 644,50 CZK",Dodávka lůžkovin a bytového textilu,"[{'název': 'PŘIKRÝVKA – PROŠÍVANÁ', 'množství': 50, 'cena bez DPH': 385.0, 'cena s dph': None}, {'název': 'LOŽNÍ SOUPRAVA 1+1', 'množství': 250, 'cena bez DPH': 286.0, 'cena s dph': None}, {'název': 'POLŠTÁŘEK MALÝ VČETNĚ POVLAKU', 'množství': 100, 'cena bez DPH': 125.0, 'cena s dph': None}, {'název': 'POVLAK NA POLŠTÁŘEK MALÝ', 'množství': 100, 'cena bez DPH': 72.0, 'cena s dph': None}]",6851023,Sucom production
117,"Domov seniorů Hranice, příspěvková organizace",4971408,70876541,20.04.2018,,,Rámcová kupní smlouva - pracovní oděvy,"[{'název': 'Flecová mikina', 'množství': None, 'cena bez DPH': None, 'cena s DPH': '296,45 Kč'}, {'název': 'Flecová vesta', 'množství': None, 'cena bez DPH': None, 'cena s DPH': '260,15 Kč'}, {'název': 'Kalhoty bílé dámské', 'množství': None, 'cena bez DPH': None, 'cena s DPH': '203,30 Kč'}, {'název': 'Halena pro zdravotníky a pracovnice úklidu', 'množství': None, 'cena bez DPH': None, 'cena s DPH': '187,55 Kč'}, {'název': 'Šaty pro zdravotníky', 'množství': None, 'cena bez DPH': None, 'cena s DPH': '223,85 Kč'}, {'název': 'Tričko bílé', 'množství': None, 'cena bez DPH': None, 'cena s DPH': '70,18 Kč'}]",5359164,Sucom production
118,"Domov pro seniory Hvízdal České Budějovice, příspěvková organizace",4305192,666238,08.02.2018,,,Dodávky pracovních oděvů,"[{'název': 'Roční objednávka - dodávky pracovních oděvů (kalhoty, haleny, trička atd.), andělé - košile pro uživatele na rok 2018', 'množství': None, 'cena bez DPH': None, 'cena s DPH': None}]",4639404,Sucom production
119,Ústav sociální péče pro mládež DOMEČKY,4088144,42886210,20.12.2017,,,objednávka pracovního oblečení,"[{'název': 'máslo', 'množství': 2, 'cena bez DPH': 25, 'cena s DPH': 30.5}, {'název': 'mléko', 'množství': 1, 'cena bez DPH': 15, 'cena s DPH': 18.3}]",4409048,Sucom production
120,Fakultní nemocnice Plzeň,3811244,669806,08.12.2017,"298 500,00 CZK","361 185,00 CZK","Kupní smlouva: Dodávky zaměstnanecké PUR obuvi na základě výsledků VZMR ""Dodávky ochranné a zdravotnické obuvi 2017""","[{'název': 'PUR ochranná a zdravotnická obuv - dámská', 'množství': 1, 'cena bez DPH': 345.0, 'cena s DPH': 417.45}, {'název': 'PUR ochranná a zdravotnická obuv - pánská', 'množství': 1, 'cena bez DPH': 355.0, 'cena s DPH': 429.55}]",4110312,Sucom production
121,"Sociální služby, příspěvková organizace",3810432,70832641,07.12.2017,"76 000,00 CZK","91 960,00 CZK",Dodávka nitrilových rukavic,"[{'název': 'nitrilové rukavice', 'množství': None, 'cena bez DPH': None, 'cena s dph': '92 000,-Kč'}]",4109452,Sucom production
122,Fakultní nemocnice Plzeň,3813340,669806,08.12.2017,,,"Ostatní smlouvy: Smlouva o garanci poskytnutí tzv. náhradního plnění k dodávkám zaměstnanecké obuvi na základě výsledků VZ ""Dodávky ochranné a zdravotnické obuvi 2017""",[],4112616,Sucom production
123,"Sociální služby, příspěvková organizace",3314440,70832641,27.10.2017,,"59 653,00 CZK",Objednávka - dodávka nitrilových rukavic,"[{'název': 'vyšetřovací nitrilové rukavice', 'množství': None, 'cena bez DPH': None, 'cena s dph': None}]",3574832,Sucom production
124,"Domov pro seniory Foltýnova, příspěvková organizace",1768234,70887055,27.04.2017,"1 652 892,00 CZK","2 000 000,00 CZK",Dodávka ochranných pracovních pomůcek,"[{'název': 'Mikina fleece, s odnímatelnými rukávy na zip', 'množství': None, 'cena bez DPH': 510, 'cena s DPH': 617.1}, {'název': 'Vesta fleece, vypasovaná, na zip, dvojbarevná', 'množství': None, 'cena bez DPH': 395, 'cena s DPH': 477.95}, {'název': 'Specializovaný EVA nazouvák s kompaktní vyztuženou přední částí', 'množství': None, 'cena bez DPH': 499, 'cena s DPH': 603.79}, {'název': 'Pohodlné anatomicky tvarované pantofle', 'množství': None, 'cena bez DPH': 139, 'cena s DPH': 168.19}, {'název': 'Zdravotní obuv D/1 sandál 3 pásky', 'množství': None, 'cena bez DPH': 345, 'cena s DPH': 417.45}, {'název': 'Zdravotní obuv D/3 sandál 2 pásky', 'množství': None, 'cena bez DPH': 335, 'cena s DPH': 405.35}, {'název': 'Zdravotní obuv D/3 Klínek sandál 2 pásky', 'množství': None, 'cena bez DPH': 355, 'cena s DPH': 429.55}, {'název': 'Zdravotní obuv D/17 masážní stélka', 'množství': None, 'cena bez DPH': 785, 'cena s DPH': 949.85}, {'název': 'Zdravotní obuv D/15 sandál PUR', 'množství': None, 'cena bez DPH': 465, 'cena s DPH': 562.65}, {'název': 'Zdravotní obuv D/15 sandál PUR suchý zip', 'množství': None, 'cena bez DPH': 555, 'cena s DPH': 671.55}]",1907694,Sucom production
125,"Domovy sociálních služeb Kadaň a Mašťov, příspěvková organizace",1470870,46789910,13.03.2017,,,Nákup ochranných pomůcek,"[{'název': 'ochranné pracovní pomůcky', 'množství': None, 'cena bez DPH': None, 'cena s dph': None}]",1588210,Sucom production
126,"Domov pro seniory Hvízdal České Budějovice, příspěvková organizace",1288594,666238,02.03.2017,,,dodávky pracovních oděvů,"[{'název': 'Roční objednávka - dodávky pracovních oděvů (kalhoty, haleny, trička atd.), andělé - košile pro uživatele na rok 2017', 'množství': None, 'cena bez DPH': None, 'cena s dph': None}]",1381578,Sucom production
127,"Domov seniorů Hranice, příspěvková organizace",1144041,70876541,31.01.2017,"98 800,00 CZK","119 548,00 CZK",Kupní smlouva - ochranné pracovní oděvy,"[{'název': 'Fleecová mikina', 'množství': None, 'cena bez DPH': None, 'cena s DPH': '260,15 Kč'}, {'název': 'Flecová vesta', 'množství': None, 'cena bez DPH': None, 'cena s DPH': '302,50 Kč'}, {'název': 'Kalhoty bílé dámské', 'množství': None, 'cena bez DPH': None, 'cena s DPH': '205,70 Kč'}, {'název': 'Halena pro zdravotníky a pracovnice úklidu', 'množství': None, 'cena bez DPH': None, 'cena s DPH': '187,55 Kč'}, {'název': 'Šaty pro zdravotníky', 'množství': None, 'cena bez DPH': None, 'cena s DPH': '223,85 Kč'}, {'název': 'Tričko bílé', 'množství': None, 'cena bez DPH': None, 'cena s DPH': '70,18 Kč'}]",1217981,Sucom production
128,Domov Libníč a Centrum sociálních služeb Empatie,866989,666271,30.11.2016,"72 031,50 CZK","87 159,00 CZK",OOPP,"[{'název': 'OOPP', 'množství': 1, 'cena bez DPH': 100000.0, 'cena s DPH': 100000.0}, {'název': 'Vesta fleeze SP, nadměrná', 'množství': 1, 'cena bez DPH': 434.5, 'cena s DPH': 525.75}, {'název': 'Vesta fleeze SP, extra nadměrná', 'množství': 1, 'cena bez DPH': 474.0, 'cena s DPH': 573.54}, {'název': 'Mikina fleeze - dlouhý zip SP, nadměrná', 'množství': 2, 'cena bez DPH': 111100.0, 'cena s DPH': 1344.31}, {'název': 'Mikina fleeze - dlouhý zip SP, extra nadměrná', 'množství': 2, 'cena bez DPH': 121200.0, 'cena s DPH': 1466.52}, {'název': 'Holinka bílá vysoká - Zecchin', 'množství': 3, 'cena bez DPH': 855.0, 'cena s DPH': 1034.55}]",922885,Sucom production
129,"Domov Harmonie, centrum sociálních služeb Mirošov, příspěvková organizace",767529,48379808,07.12.2016,"293 982,00 CZK","355 718,22 CZK",dodávka lůžkovin a bytového textilu,"[{'název': 'Polštář – prošívaný FACIE', 'množství': 100, 'cena bez DPH': 354.0, 'cena s DPH': None}, {'název': 'Přikrývka – prošívaná FACIE', 'množství': 30, 'cena bez DPH': 492.0, 'cena s DPH': None}, {'název': 'Polštářek - malý', 'množství': 142, 'cena bez DPH': 125.0, 'cena s DPH': None}, {'název': 'Ložní souprava 1+1', 'množství': 250, 'cena bez DPH': 286.0, 'cena s DPH': None}, {'název': 'Prostěradla froté', 'množství': 280, 'cena bez DPH': 168.0, 'cena s DPH': None}, {'název': 'Ručník', 'množství': 114, 'cena bez DPH': 58.0, 'cena s DPH': None}, {'název': 'Přehoz na jednolůžko - prošívaný', 'množství': 18, 'cena bez DPH': 420.0, 'cena s DPH': None}, {'název': 'Micro deka', 'množství': 30, 'cena bez DPH': 362.0, 'cena s DPH': None}, {'název': 'Podložky nepropustné', 'množství': 360, 'cena bez DPH': 175.0, 'cena s DPH': None}, {'název': 'Mycí žínka', 'množství': 100, 'cena bez DPH': 17.0, 'cena s DPH': None}, {'název': 'Bryndák', 'množství': 120, 'cena bez DPH': 85.0, 'cena s DPH': None}, {'název': 'Bryndák', 'množství': 80, 'cena bez DPH': 95.0, 'cena s DPH': None}]",816501,Sucom production
130,"Domov seniorů Hranice, příspěvková organizace",69973,70876541,27.07.2015,"200 000,00 CZK","242 000,00 CZK",Celoroční dodávka rukavic,"[{'název': 'rukavice nitrilonové - modré M bez pudru', 'množství': 40000, 'cena bez DPH': None, 'cena s DPH': None}, {'název': 'rukavice nitrilonové - modré L bez pudru', 'množství': 6000, 'cena bez DPH': None, 'cena s DPH': None}, {'název': 'rukavice vynilové bez pudru M', 'množství': 5000, 'cena bez DPH': None, 'cena s DPH': None}]",74205,Sucom production
